,Contrato,Situação
WYNDHAN-0,41****67,pendente
WYNDHAN-1,41****79,pendente
WYNDHAN-2,41****27,pendente
WYNDHAN-3,41****63,pendente
WYNDHAN-4,41****94,pendente
WYNDHAN-5,41****53,pendente
WYNDHAN-6,41****61,pendente
WYNDHAN-7,41****00,pendente
WYNDHAN-8,41****28,pendente
WYNDHAN-9,40****85,pendente
WYNDHAN-10,40****65,pendente
WYNDHAN-11,40****02,pendente
WYNDHAN-12,40****14,pendente
WYNDHAN-16,26*****558,pendente
WYNDHAN-17,38****65,pendente
WYNDHAN-18,39****90,pendente
WYNDHAN-19,38****69,pendente
WYNDHAN-20,39****42,pendente
WYNDHAN-21,42****13,pendente
WYNDHAN-22,42****87,pendente
WYNDHAN-23,42****20,pendente
SOFT INN-0,42****13,pendente
SOFT INN-1,42****87,pendente
SOFT INN-2,42****20,pendente
SOFT INN-3,38****65,pendente
SOFT INN-4,39****90,pendente
SOFT INN-5,38****69,pendente
SOFT INN-6,39****42,pendente
QUALITY BOTAFOGO-0,42****13,pendente
QUALITY BOTAFOGO-1,42****87,pendente
QUALITY BOTAFOGO-2,42****20,pendente
QUALITY BOTAFOGO-3,38****65,pendente
QUALITY BOTAFOGO-4,39****90,pendente
QUALITY BOTAFOGO-5,38****69,pendente
QUALITY BOTAFOGO-6,39****42,pendente
MERCURE MACAÉ-1,41****42,pendente
MERCURE MACAÉ-2,41****85,pendente
MERCURE MACAÉ-3,41****45,pendente
MERCURE MACAÉ-4,41****50,pendente
MERCURE MACAÉ-5,41****10,pendente
MERCURE MACAÉ-6,41****82,pendente
MERCURE MACAÉ-7,41****54,pendente
MERCURE MACAÉ-8,41****99,pendente
ROYALTI BARRA-0,41****10,pendente
ROYALTI BARRA-1,41****82,pendente
ROYALTI BARRA-2,41****54,pendente
ROYALTI BARRA-3,41****99,pendente
ROYALTI BARRA-4,38****65,pendente
ROYALTI BARRA-5,39****90,pendente
ROYALTI BARRA-6,38****69,pendente
ROYALTI BARRA-7,39****42,pendente
ROYALTI COPA-0,38****65,pendente
ROYALTI COPA-1,39****90,pendente
ROYALTI COPA-2,38****69,pendente
ROYALTI COPA-3,39****42,pendente
NOVOTEL-0,38****65,pendente
NOVOTEL-1,39****90,pendente
NOVOTEL-2,38****69,pendente
NOVOTEL-3,39****42,pendente
NOVOTEL-4,41****39,pendente
NOVOTEL-5,41****13,pendente
NOVOTEL-6,41****50,pendente
NOVOTEL-7,41****60,pendente
PESTANA COPA-0,41****39,pendente
PESTANA COPA-1,41****13,pendente
PESTANA COPA-2,41****50,pendente
PESTANA COPA-3,41****60,pendente
PESTANA COPA-4,41****01,pendente
PESTANA COPA-5,42****93,pendente
PESTANA COPA-6,42****72,pendente
PESTANA COPA-7,42****53,pendente
PESTANA COPA-8,41****45,pendente
PESTANA COPA-9,41****33,pendente
PESTANA COPA-10,41****84,pendente
PESTANA COPA-11,41****19,pendente
ANGRA-0,41****45,pendente
ANGRA-1,41****33,pendente
ANGRA-2,41****84,pendente
ANGRA-3,41****19,pendente
IBIS JACAREP-0,41****45,pendente
IBIS JACAREP-1,41****33,pendente
IBIS JACAREP-2,41****84,pendente
IBIS JACAREP-3,41****19,pendente
GI LAFAIETE-0,39****06,pendente
GI LAFAIETE-1,39****49,pendente
GI LAFAIETE-2,40****19,pendente
GI LAFAIETE-3,40****70,pendente
GI LAFAIETE-4,41****41,pendente
GI LAFAIETE-5,41****64,pendente
GI LAFAIETE-6,42****25,pendente
GI LAFAIETE-7,42****40,pendente
IBIS MACAÉ-0,39****13,pendente
IBIS MACAÉ-1,41****92,pendente
IBIS MACAÉ-2,39****04,pendente
IBIS MACAÉ-3,39****60,pendente
IBIS MACAÉ-4,41****45,pendente
IBIS MACAÉ-5,41****33,pendente
IBIS MACAÉ-6,41****84,pendente
IBIS MACAÉ-7,41****19,pendente
PESTANA SP-0,39****13,pendente
PESTANA SP-1,41****92,pendente
PESTANA SP-2,39****04,pendente
PESTANA SP-3,39****60,pendente
PESTANA SP-4,41****45,pendente
PESTANA SP-5,41****33,pendente
PESTANA SP-6,41****84,pendente
PESTANA SP-7,41****19,pendente
IBIS CENTRO-0,39****13,pendente
IBIS CENTRO-1,41****92,pendente
IBIS CENTRO-2,39****04,pendente
IBIS CENTRO-3,39****60,pendente
IBIS CENTRO-4,41****45,pendente
IBIS CENTRO-5,41****33,pendente
IBIS CENTRO-6,41****84,pendente
IBIS CENTRO-7,41****19,pendente
NOVOTEL CENTRO-0,41****45,pendente
NOVOTEL CENTRO-1,41****33,pendente
NOVOTEL CENTRO-2,41****84,pendente
NOVOTEL CENTRO-3,41****19,pendente
NOVOTEL CENTRO-4,40****12,pendente
NOVOTEL CENTRO-5,061********0003,pendente
NOVOTEL CENTRO-6,40****29,pendente
NOVOTEL CENTRO-7,061********0105,pendente
NOVOTEL CENTRO-8,40****58,pendente
IBIS BARRA-0,41****45,pendente
IBIS BARRA-1,41****33,pendente
IBIS BARRA-2,41****84,pendente
IBIS BARRA-3,41****19,pendente
IBIS BARRA-4,40****12,pendente
IBIS BARRA-5,061********0003,pendente
IBIS BARRA-6,40****29,pendente
IBIS BARRA-7,061********0105,pendente
IBIS BARRA-8,40****58,pendente
AROSA CENTRO-0,40****12,pendente
AROSA CENTRO-1,061********0003,pendente
AROSA CENTRO-2,40****29,pendente
AROSA CENTRO-3,061********0105,pendente
AROSA CENTRO-4,40****58,pendente
BW ARPEX-0,41****60,pendente
BW ARPEX-1,41****47,pendente
BW ARPEX-2,41****05,pendente
BW ARPEX-3,41****36,pendente
ATLÂNTICA SUÍTES-0,41****69,pendente
ATLÂNTICA SUÍTES-1,41****83,pendente
ATLÂNTICA SUÍTES-2,41****68,pendente
ATLÂNTICA SUÍTES-3,41****71,pendente
GOLDEN TULIP MACAÉ-0,41****78,pendente
GOLDEN TULIP MACAÉ-1,41****22,pendente
GOLDEN TULIP MACAÉ-2,41****75,pendente
GOLDEN TULIP MACAÉ-3,41****80,pendente
VILAMAR-0,41****78,pendente
VILAMAR-1,41****22,pendente
VILAMAR-2,41****75,pendente
VILAMAR-3,41****80,pendente
PROMENADE-0,41****35,pendente
PROMENADE-1,41****62,pendente
PROMENADE-2,41****39,pendente
PROMENADE-3,41****77,pendente
PROMENADE-4,41****45,pendente
PROMENADE-5,41****33,pendente
PROMENADE-6,41****84,pendente
PROMENADE-7,41****19,pendente
PESTANA CURITIBA-0,41****45,pendente
PESTANA CURITIBA-1,41****33,pendente
PESTANA CURITIBA-2,41****84,pendente
PESTANA CURITIBA-3,41****19,pendente
IBIS NOVA-0,41****45,pendente
IBIS NOVA-1,41****33,pendente
IBIS NOVA-2,41****84,pendente
IBIS NOVA-3,41****19,pendente
IBIS COPA-0,41****45,pendente
IBIS COPA-1,41****33,pendente
IBIS COPA-2,41****84,pendente
IBIS COPA-3,41****19,pendente
C DESING-0,41****71,pendente
C DESING-1,41****81,pendente
C DESING-2,41****31,pendente
C DESING-3,41****45,pendente
C DESING-4,41****33,pendente
C DESING-5,41****84,pendente
C DESING-6,41****19,pendente
C DESING-7,41****10,pendente
C DESING-8,41****82,pendente
C DESING-9,41****54,pendente
C DESING-10,41****99,pendente
PIER BEACH MAGNOLIA-0,41****06,pendente
PIER BEACH MAGNOLIA-1,41****93,pendente
PIER BEACH MAGNOLIA-2,41****80,pendente
PIER BEACH MAGNOLIA-3,41****38,pendente
IMPERIAL-0,41****32,pendente
IMPERIAL-1,41****47,pendente
IMPERIAL-3,41****02,pendente
IMPERIAL-4,41****70,pendente
ROYAL MACAÉ PALACE-1,41****81,pendente
ROYAL MACAÉ PALACE-2,41****74,pendente
ROYAL MACAÉ PALACE-3,41****41,pendente
ROYAL MACAÉ PALACE-4,41****86,pendente
ROYAL MACAÉ PALACE-5,41****45,pendente
ROYAL MACAÉ PALACE-6,41****33,pendente
ROYAL MACAÉ PALACE-7,41****84,pendente
ROYAL MACAÉ PALACE-8,41****19,pendente
ROYAL ATLANTICA-0,41****40,pendente
ROYAL ATLANTICA-1,41****43,pendente
ROYAL ATLANTICA-2,41****44,pendente
ROYAL ATLANTICA-3,41****45,pendente
ROYAL ATLANTICA-4,41****33,pendente
ROYAL ATLANTICA-5,41****84,pendente
ROYAL ATLANTICA-6,41****19,pendente
RESID SOPHIA-0,41****45,pendente
RESID SOPHIA-1,41****33,pendente
RESID SOPHIA-2,41****84,pendente
RESID SOPHIA-3,41****19,pendente
BW COPA-0,41****97,pendente
BW COPA-1,41****01,pendente
BW COPA-2,41****03,pendente
BW COPA-3,41****45,pendente
BW COPA-4,41****33,pendente
BW COPA-5,41****84,pendente
BW COPA-6,41****19,pendente
BRISA-0,41****32,pendente
IBIS BOTAFOGO-2,41****45,pendente
IBIS BOTAFOGO-3,41****33,pendente
IBIS BOTAFOGO-4,41****84,pendente
IBIS BOTAFOGO-5,41****19,pendente
BW JACARÉ-0,41****93,pendente
BW JACARÉ-1,41****31,pendente
BW JACARÉ-2,41****67,pendente
BW JACARÉ-3,41****08,pendente
BW JACARÉ-4,42****13,pendente
BW JACARÉ-5,42****45,pendente
BW JACARÉ-6,42****70,pendente
BW JACARÉ-7,42****17,pendente
PESTANA BAHIA-0,41****93,pendente
PESTANA BAHIA-1,41****31,pendente
PESTANA BAHIA-2,41****67,pendente
PESTANA BAHIA-3,41****08,pendente
PESTANA BAHIA-4,42****13,pendente
PESTANA BAHIA-5,42****45,pendente
PESTANA BAHIA-6,42****70,pendente
PESTANA BAHIA-7,42****17,pendente
DUBAI-0,41****76,pendente
DUBAI-1,41****18,pendente
DUBAI-2,41****97,pendente
DUBAI-3,41****07,pendente
DUBAI-4,42****13,pendente
DUBAI-5,42****45,pendente
DUBAI-6,42****70,pendente
DUBAI-7,42****17,pendente
BW CAXIAS-0,42****13,pendente
BW CAXIAS-1,42****45,pendente
BW CAXIAS-2,42****70,pendente
BW CAXIAS-3,42****17,pendente
ROYAL OCEAN-0,41****58,pendente
ROYAL OCEAN-1,41****51,pendente
ROYAL OCEAN-3,41****87,pendente
ROYAL OCEAN-4,41****25,pendente
ROYAL OCEAN-5,41****45,pendente
ROYAL OCEAN-6,41****33,pendente
ROYAL OCEAN-7,41****84,pendente
ROYAL OCEAN-8,41****19,pendente
HOSPITAL INFANTIL-0,41****45,pendente
HOSPITAL INFANTIL-1,41****33,pendente
HOSPITAL INFANTIL-2,41****84,pendente
HOSPITAL INFANTIL-3,41****19,pendente
PARADISO MC-0,41****20,pendente
PARADISO MC-1,41****25,pendente
PARADISO MC-2,41****29,pendente
PARADISO MC-3,41****71,pendente
PARADISO MC-4,42****93,pendente
PARADISO MC-5,42****34,pendente
PARADISO MC-6,42****72,pendente
PARADISO MC-7,42****89,pendente
BRISTOL-0,41****40,pendente
BRISTOL-1,41****94,pendente
BRISTOL-2,41****47,pendente
BRISTOL-3,41****99,pendente
BRISTOL-4,41****78,pendente
BRISTOL-5,41****72,pendente
BRISTOL-6,41****25,pendente
BRISTOL-7,41****79,pendente
RED ROOF-0,41****38,pendente
RED ROOF-1,41****61,pendente
RED ROOF-2,41****35,pendente
RED ROOF-3,41****33,pendente
RED ROOF-4,41****57,pendente
RED ROOF-5,41****56,pendente
RED ROOF-7,41****97,pendente
RED ROOF-8,41****94,pendente
RED ROOF-9,40****84,pendente
RED ROOF-10,40****76,pendente
RED ROOF-12,40****57,pendente
RED ROOF-13,40****97,pendente
RED ROOF-14,42****13,pendente
RED ROOF-15,42****45,pendente
RED ROOF-16,42****70,pendente
RED ROOF-17,42****17,pendente
WINDSOR GUANABARA-0,41****38,pendente
WINDSOR GUANABARA-1,41****61,pendente
WINDSOR GUANABARA-2,41****35,pendente
WINDSOR GUANABARA-3,41****33,pendente
WINDSOR GUANABARA-4,41****57,pendente
WINDSOR GUANABARA-5,41****56,pendente
WINDSOR GUANABARA-7,41****97,pendente
WINDSOR GUANABARA-8,41****94,pendente
WINDSOR GUANABARA-9,40****84,pendente
WINDSOR GUANABARA-10,40****76,pendente
WINDSOR GUANABARA-12,40****57,pendente
WINDSOR GUANABARA-13,40****97,pendente
WINDSOR GUANABARA-14,42****13,pendente
WINDSOR GUANABARA-15,42****45,pendente
WINDSOR GUANABARA-16,42****70,pendente
WINDSOR GUANABARA-17,42****17,pendente
WINDSOR MARAP-0,42****13,pendente
WINDSOR MARAP-1,42****45,pendente
WINDSOR MARAP-2,42****70,pendente
WINDSOR MARAP-3,42****17,pendente
WINDSOR MARAP-4,40****44,pendente
WINDSOR MARAP-5,40****54,pendente
WINDSOR MARAP-6,40****65,pendente
WINDSOR MARAP-9,42****21,pendente
WINDSOR MARAP-10,42****72,pendente
PARADISO CORPORADE-0,41****05,pendente
PARADISO CORPORADE-1,28*****457,pendente
PARADISO CORPORADE-2,081********9403,pendente
PARADISO CORPORADE-3,41****21,pendente
PARADISO CORPORADE-4,41****51,pendente
PARADISO CORPORADE-5,081********4503,pendente
PARADISO CORPORADE-6,41****72,pendente
PARADISO CORPORADE-7,40****84,pendente
PARADISO CORPORADE-8,40****76,pendente
PARADISO CORPORADE-10,40****57,pendente
PARADISO CORPORADE-11,40****97,pendente
PARADISO CORPORADE-12,41****20,pendente
PARADISO CORPORADE-13,41****25,pendente
PARADISO CORPORADE-14,41****29,pendente
PARADISO CORPORADE-15,41****71,pendente
DEL SOL-0,40****84,pendente
DEL SOL-1,40****76,pendente
DEL SOL-3,40****57,pendente
DEL SOL-4,40****97,pendente
MANDAI-0,41****57,pendente
MANDAI-1,41****56,pendente
MANDAI-3,41****97,pendente
MANDAI-4,41****94,pendente
PORTO PRÍNCIPE-0,41****41,pendente
PORTO PRÍNCIPE-1,41****29,pendente
PORTO PRÍNCIPE-2,41****76,pendente
PORTO PRÍNCIPE-3,41****53,pendente
LOFT DOS ANJOS-3,40****09,pendente
LOFT DOS ANJOS-6,40****13,pendente
SOLAR DO ARCO-0,42****13,pendente
SOLAR DO ARCO-1,42****87,pendente
SOLAR DO ARCO-2,42****20,pendente
SOLAR DO ARCO-3,42****48,pendente
SOLAR DO ARCO-6,42****21,pendente
SOLAR DO ARCO-7,42****72,pendente
WINDSOR MARTINIQUE-0,42****13,pendente
WINDSOR MARTINIQUE-1,42****87,pendente
WINDSOR MARTINIQUE-2,42****20,pendente
WINDSOR MARTINIQUE-3,42****48,pendente
WINDSOR MARTINIQUE-6,42****21,pendente
WINDSOR MARTINIQUE-7,42****72,pendente
WINDSOR COPA-0,41****38,pendente
WINDSOR COPA-1,41****81,pendente
WINDSOR COPA-3,41****99,pendente
WINDSOR COPA-4,41****10,pendente
WINDSOR COPA-8,40****09,pendente
WINDSOR COPA-11,40****13,pendente
WINDSOR PALACE-0,41****32,pendente
WINDSOR PALACE-1,41****04,pendente
WINDSOR PALACE-2,41****49,pendente
WINDSOR PALACE-3,41****45,pendente
WINDSOR PALACE-7,40****09,pendente
WINDSOR PALACE-10,40****13,pendente
WINDSOR FLORIDA-0,41****05,pendente
WINDSOR FLORIDA-1,41****12,pendente
WINDSOR FLORIDA-3,41****22,pendente
WINDSOR FLORIDA-4,41****70,pendente
WINDSOR FLORIDA-7,42****21,pendente
WINDSOR FLORIDA-8,42****72,pendente
WINDSOR FLORIDA-9,42****13,pendente
WINDSOR FLORIDA-10,42****45,pendente
WINDSOR FLORIDA-11,42****70,pendente
WINDSOR FLORIDA-12,42****17,pendente
WINDSOR OCEÂNICO-0,42****13,pendente
WINDSOR OCEÂNICO-1,42****45,pendente
WINDSOR OCEÂNICO-2,42****70,pendente
WINDSOR OCEÂNICO-3,42****17,pendente
WINDSOR BARRA-0,41****20,pendente
WINDSOR BARRA-1,41****30,pendente
WINDSOR BARRA-2,41****85,pendente
WINDSOR BARRA-3,41****00,pendente
WINDSOR BARRA-4,40****44,pendente
WINDSOR BARRA-5,40****54,pendente
WINDSOR BARRA-6,40****65,pendente
WINDSOR MIRAMAR-0,40****44,pendente
WINDSOR MIRAMAR-1,40****54,pendente
WINDSOR MIRAMAR-2,40****65,pendente
WINDSOR MIRAMAR-3,41****10,pendente
WINDSOR MIRAMAR-4,41****82,pendente
WINDSOR MIRAMAR-5,41****54,pendente
WINDSOR MIRAMAR-6,41****99,pendente
WINDSOR MIRAMAR-7,41****41,pendente
WINDSOR MIRAMAR-8,41****64,pendente
WINDSOR MIRAMAR-9,42****25,pendente
WINDSOR MIRAMAR-10,42****40,pendente
WINDSOR PLAZA-0,41****41,pendente
WINDSOR PLAZA-1,41****64,pendente
WINDSOR PLAZA-2,42****25,pendente
WINDSOR PLAZA-3,42****40,pendente
WINDSOR ASTURIAS-0,41****03,pendente
WINDSOR ASTURIAS-1,41****72,pendente
WINDSOR ASTURIAS-2,41****26,pendente
WINDSOR ASTURIAS-3,41****22,pendente
WINDSOR ASTURIAS-4,39****06,pendente
WINDSOR ASTURIAS-5,39****49,pendente
WINDSOR ASTURIAS-6,40****19,pendente
WINDSOR ASTURIAS-7,40****70,pendente
WINDSOR LEME-0,41****03,pendente
WINDSOR LEME-1,41****72,pendente
WINDSOR LEME-2,41****26,pendente
WINDSOR LEME-3,41****22,pendente
WINDSOR LEME-4,39****06,pendente
WINDSOR LEME-5,39****49,pendente
WINDSOR LEME-6,40****19,pendente
WINDSOR LEME-7,40****70,pendente
WINDSOR EXCELSIOR-0,39****06,pendente
WINDSOR EXCELSIOR-1,39****49,pendente
WINDSOR EXCELSIOR-2,40****19,pendente
WINDSOR EXCELSIOR-3,40****70,pendente
WINDSOR EXCELSIOR-4,41****41,pendente
WINDSOR EXCELSIOR-5,41****64,pendente
WINDSOR EXCELSIOR-6,42****25,pendente
WINDSOR EXCELSIOR-7,42****40,pendente
BW BARRA-0,41****41,pendente
BW BARRA-1,41****64,pendente
BW BARRA-2,42****25,pendente
BW BARRA-3,42****40,pendente
BW BARRA-4,42****13,pendente
BW BARRA-5,42****87,pendente
BW BARRA-6,42****20,pendente
PLAZA BARRA-0,42****13,pendente
PLAZA BARRA-1,42****87,pendente
PLAZA BARRA-2,42****20,pendente
PLAZA BARRA-3,42****24,pendente
PLAZA BARRA-4,42****68,pendente
PLAZA BARRA-5,42****50,pendente
PLAZA BARRA-6,42****76,pendente
B&B FORTE-0,42****24,pendente
B&B FORTE-1,42****68,pendente
B&B FORTE-2,42****50,pendente
B&B FORTE-3,42****76,pendente
SUN VICTORY-0,41****31,pendente
SUN VICTORY-1,40****33,pendente
SUN VICTORY-2,40****14,pendente
SUN VICTORY-3,40****47,pendente
SUN VICTORY-5,41****18,pendente
SUN VICTORY-6,41****74,pendente
SUN VICTORY-7,41****17,pendente
SUN VICTORY-8,41****26,pendente
SUN VICTORY-9,40****44,pendente
SUN VICTORY-10,40****54,pendente
SUN VICTORY-11,40****65,pendente
SUN VICTORY-12,41****01,pendente
SUN VICTORY-13,42****93,pendente
SUN VICTORY-14,42****72,pendente
SUN VICTORY-15,42****53,pendente
OTHON COPA-0,41****31,pendente
OTHON COPA-1,40****33,pendente
OTHON COPA-2,40****14,pendente
OTHON COPA-3,40****47,pendente
OTHON COPA-5,41****18,pendente
OTHON COPA-6,41****74,pendente
OTHON COPA-7,41****17,pendente
OTHON COPA-8,41****26,pendente
OTHON COPA-9,40****44,pendente
OTHON COPA-10,40****54,pendente
OTHON COPA-11,40****65,pendente
OTHON COPA-12,41****01,pendente
OTHON COPA-13,42****93,pendente
OTHON COPA-14,42****72,pendente
OTHON COPA-15,42****53,pendente
PLAZA BAHIA-0,41****41,pendente
PLAZA BAHIA-1,41****29,pendente
PLAZA BAHIA-2,41****76,pendente
PLAZA BAHIA-3,41****53,pendente
PLAZA BAHIA-4,40****44,pendente
PLAZA BAHIA-5,40****54,pendente
PLAZA BAHIA-6,40****65,pendente
OWN-0,41****41,pendente
OWN-1,41****29,pendente
OWN-2,41****76,pendente
OWN-3,41****53,pendente
OWN-4,42****38,pendente
OWN-5,42****93,pendente
OWN-6,42****06,pendente
OWN-7,42****19,pendente
OWN-8,20*****987,pendente
OWN-9,081********2103,pendente
PLAZA SÃO RAFAEL-0,41****41,pendente
PLAZA SÃO RAFAEL-1,41****29,pendente
PLAZA SÃO RAFAEL-2,41****76,pendente
PLAZA SÃO RAFAEL-3,41****53,pendente
PLAZA SÃO RAFAEL-4,42****38,pendente
PLAZA SÃO RAFAEL-5,42****93,pendente
PLAZA SÃO RAFAEL-6,42****06,pendente
PLAZA SÃO RAFAEL-7,42****19,pendente
PLAZA SÃO RAFAEL-8,20*****987,pendente
PLAZA SÃO RAFAEL-9,081********2103,pendente
PLAZA CAPIVARI-0,41****41,pendente
PLAZA CAPIVARI-1,41****29,pendente
PLAZA CAPIVARI-2,41****76,pendente
PLAZA CAPIVARI-3,41****53,pendente
PLAZA CAPIVARI-4,42****38,pendente
PLAZA CAPIVARI-5,42****93,pendente
PLAZA CAPIVARI-6,42****06,pendente
PLAZA CAPIVARI-7,42****19,pendente
PLAZA CAPIVARI-8,20*****987,pendente
PLAZA CAPIVARI-9,081********2103,pendente
PLAZA CALDAS-0,42****38,pendente
PLAZA CALDAS-1,42****93,pendente
PLAZA CALDAS-2,42****06,pendente
PLAZA CALDAS-3,42****19,pendente
PLAZA CALDAS-4,20*****987,pendente
PLAZA CALDAS-5,081********2103,pendente
SAVOY-0,42****38,pendente
SAVOY-1,42****93,pendente
SAVOY-2,42****06,pendente
SAVOY-3,42****19,pendente
SAVOY-4,20*****987,pendente
SAVOY-5,081********2103,pendente
SAVOY-6,42****90,pendente
SAVOY-7,42****10,pendente
SAVOY-8,42****47,pendente
SAVOY-9,42****71,pendente
SAVOY-10,42****14,pendente
SAVOY-11,42****35,pendente
SAVOY-12,42****73,pendente
SAVOY-13,41****18,pendente
SAVOY-14,41****74,pendente
SAVOY-15,41****17,pendente
SAVOY-16,41****26,pendente
SAVOY-17,41****31,pendente
SAVOY-18,40****33,pendente
SAVOY-19,40****14,pendente
SAVOY-20,40****47,pendente
NOVOTEL LEME-0,40****85,pendente
NOVOTEL LEME-1,40****65,pendente
NOVOTEL LEME-2,40****02,pendente
NOVOTEL LEME-3,40****14,pendente
NOVOTEL LEME-4,41****59,pendente
NOVOTEL LEME-5,41****61,pendente
NOVOTEL LEME-6,41****69,pendente
NOVOTEL LEME-7,41****16,pendente
AMÉRICAS BARRA-0,41****88,pendente
AMÉRICAS BARRA-1,41****45,pendente
AMÉRICAS BARRA-2,41****76,pendente
AMÉRICAS BARRA-3,41****41,pendente
PLAZA BH-0,40****12,pendente
PLAZA BH-1,061********0003,pendente
PLAZA BH-2,40****29,pendente
PLAZA BH-3,061********0105,pendente
PLAZA BH-4,40****58,pendente
AMERICAS COPA-0,41****55,pendente
AMERICAS COPA-1,41****90,pendente
AMERICAS COPA-2,41****30,pendente
AMERICAS COPA-3,41****97,pendente
AMERICAS COPA-4,42****32,pendente
AMERICAS COPA-5,42****13,pendente
AMERICAS COPA-7,42****89,pendente
AMERICAS COPA-8,42****42,pendente
GAIVOTA-0,42****32,pendente
GAIVOTA-1,42****13,pendente
GAIVOTA-3,42****89,pendente
GAIVOTA-4,42****42,pendente
GAIVOTA-5,41****55,pendente
GAIVOTA-6,41****16,pendente
GAIVOTA-7,41****92,pendente
GAIVOTA-8,41****24,pendente
B&B SP-0,42****32,pendente
B&B SP-1,42****13,pendente
B&B SP-3,42****89,pendente
B&B SP-4,42****42,pendente
B&B SP-5,41****55,pendente
B&B SP-6,41****16,pendente
B&B SP-7,41****92,pendente
B&B SP-8,41****24,pendente
B&B COPA-0,42****32,pendente
B&B COPA-1,42****13,pendente
B&B COPA-3,42****89,pendente
B&B COPA-4,42****42,pendente
B&B COPA-5,41****55,pendente
B&B COPA-6,41****16,pendente
B&B COPA-7,41****92,pendente
B&B COPA-8,41****24,pendente
BENIDORM-0,41****55,pendente
BENIDORM-1,41****16,pendente
BENIDORM-2,41****92,pendente
BENIDORM-3,41****24,pendente
BENIDORM-5,42****60,pendente
BENIDORM-7,42****09,pendente
BENIDORM-9,42****14,pendente
BENIDORM-10,42****38,pendente
BENIDORM-13,42****13,pendente
BENIDORM-14,42****45,pendente
BENIDORM-15,42****70,pendente
BENIDORM-16,42****17,pendente
BENIDORM-19,42****21,pendente
BENIDORM-20,42****72,pendente
MARRIOT-0,41****42,pendente
MARRIOT-2,41****83,pendente
MARRIOT-3,050*******3501,pendente
MARRIOT-4,41****34,pendente
MARRIOT-5,41****72,pendente
COPA SUL-0,41****53,pendente
COPA SUL-1,41****61,pendente
COPA SUL-2,41****00,pendente
COPA SUL-3,41****28,pendente
COPA SUL-4,41****78,pendente
COPA SUL-5,41****72,pendente
COPA SUL-6,41****25,pendente
COPA SUL-7,41****79,pendente
COPA SUL-8,41****21,pendente
COPA SUL-9,41****55,pendente
COPA SUL-10,41****96,pendente
COPA SUL-11,41****38,pendente
COPA SUL-12,41****51,pendente
COPA SUL-13,41****24,pendente
COPA SUL-14,41****19,pendente
COPA SUL-15,41****07,pendente
COPA SUL-16,39****13,pendente
COPA SUL-17,41****92,pendente
COPA SUL-18,39****04,pendente
COPA SUL-19,39****60,pendente
COPA SUL-20,42****32,pendente
COPA SUL-21,42****13,pendente
COPA SUL-23,42****89,pendente
COPA SUL-24,42****42,pendente
SHERATON RECIFE-0,40****85,pendente
SHERATON RECIFE-1,40****65,pendente
SHERATON RECIFE-2,40****02,pendente
SHERATON RECIFE-3,40****14,pendente
KLEINVILLE-0,41****52,pendente
KLEINVILLE-1,41****65,pendente
KLEINVILLE-2,41****75,pendente
KLEINVILLE-3,42****32,pendente
KLEINVILLE-4,42****13,pendente
KLEINVILLE-6,42****89,pendente
KLEINVILLE-7,42****42,pendente
REAL HOTEL-6,40****12,pendente
REAL HOTEL-7,061********0003,pendente
REAL HOTEL-8,40****29,pendente
REAL HOTEL-9,061********0105,pendente
REAL HOTEL-10,40****58,pendente
GRANADA-0,40****12,pendente
GRANADA-1,061********0003,pendente
GRANADA-2,40****29,pendente
GRANADA-3,061********0105,pendente
GRANADA-4,40****58,pendente
GRANADA-5,42****43,pendente
GRANADA-6,42****87,pendente
GRANADA-7,42****21,pendente
GRANADA-8,42****32,pendente
GRANADA-9,42****13,pendente
GRANADA-11,42****89,pendente
GRANADA-12,42****42,pendente
GRANADA-13,42****08,pendente
GRANADA-14,42****76,pendente
GRANADA-15,42****17,pendente
GRANADA-16,42****59,pendente
VERMONT-0,42****08,pendente
VERMONT-1,42****76,pendente
VERMONT-2,42****17,pendente
VERMONT-3,42****59,pendente
VERMONT-4,42****82,pendente
VERMONT-5,42****87,pendente
VERMONT-6,42****22,pendente
VERMONT-7,42****90,pendente
MENGO-0,41****46,pendente
MENGO-1,41****73,pendente
MENGO-2,41****50,pendente
MENGO-3,41****83,pendente
PEDRO-0,40****16,pendente
LANCASTER-0,42****85,pendente
LANCASTER-1,42****43,pendente
LANCASTER-2,42****74,pendente
LANCASTER-3,42****51,pendente
LANCASTER-4,42****82,pendente
LANCASTER-5,42****87,pendente
LANCASTER-6,42****22,pendente
LANCASTER-7,42****90,pendente
NOBILE JPG-0,42****82,pendente
NOBILE JPG-1,42****87,pendente
NOBILE JPG-2,42****22,pendente
NOBILE JPG-3,42****90,pendente
NOBILE JPG-4,41****92,pendente
NOBILE JPG-5,42****55,pendente
NOBILE JPG-6,41****86,pendente
WINDSOR CALIFORNIA-0,42****82,pendente
WINDSOR CALIFORNIA-1,42****87,pendente
WINDSOR CALIFORNIA-2,42****22,pendente
WINDSOR CALIFORNIA-3,42****90,pendente
WINDSOR CALIFORNIA-4,41****92,pendente
WINDSOR CALIFORNIA-5,42****55,pendente
WINDSOR CALIFORNIA-6,41****86,pendente
HOTEL REGINA-0,42****52,pendente
HOTEL REGINA-1,42****37,pendente
HOTEL REGINA-2,42****66,pendente
HOTEL REGINA-4,42****03,pendente
HOTEL REGINA-5,42****82,pendente
HOTEL REGINA-6,42****87,pendente
HOTEL REGINA-7,42****22,pendente
HOTEL REGINA-8,42****90,pendente
HOTEL REGINA-9,41****39,pendente
HOTEL REGINA-10,41****13,pendente
HOTEL REGINA-11,41****50,pendente
HOTEL REGINA-12,41****60,pendente
MAJESTIC-0,42****32,pendente
MAJESTIC-1,42****13,pendente
MAJESTIC-3,42****89,pendente
MAJESTIC-4,42****42,pendente
MAJESTIC-5,42****45,pendente
MAJESTIC-6,42****70,pendente
MAJESTIC-7,42****17,pendente
NITERÓI DOR-0,42****13,pendente
NITERÓI DOR-1,42****45,pendente
NITERÓI DOR-2,42****70,pendente
NITERÓI DOR-3,42****17,pendente
NITERÓI DOR-4,42****25,pendente
NITERÓI DOR-5,42****28,pendente
NITERÓI DOR-6,42****31,pendente
NITERÓI DOR-7,42****35,pendente
COPA DOR-0,42****25,pendente
COPA DOR-1,42****28,pendente
COPA DOR-2,42****31,pendente
COPA DOR-3,42****35,pendente
COPA DOR-4,42****08,pendente
COPA DOR-5,42****76,pendente
COPA DOR-6,42****17,pendente
COPA DOR-7,42****59,pendente
COPA DOR-8,40****85,pendente
COPA DOR-9,40****65,pendente
COPA DOR-10,40****02,pendente
COPA DOR-11,40****14,pendente
IBIS MONTENEGRO RS-0,40****85,pendente
IBIS MONTENEGRO RS-1,40****65,pendente
IBIS MONTENEGRO RS-2,40****02,pendente
IBIS MONTENEGRO RS-3,40****14,pendente
IBIS MONTENEGRO RS-4,42****82,pendente
IBIS MONTENEGRO RS-5,42****87,pendente
IBIS MONTENEGRO RS-6,42****22,pendente
IBIS MONTENEGRO RS-7,42****90,pendente
COPA STAR-0,42****82,pendente
COPA STAR-1,42****87,pendente
COPA STAR-2,42****22,pendente
COPA STAR-3,42****90,pendente
COPA STAR-4,41****45,pendente
COPA STAR-5,41****33,pendente
COPA STAR-6,41****84,pendente
COPA STAR-7,41****19,pendente
RADISSON BARRA-0,41****45,pendente
RADISSON BARRA-1,41****33,pendente
RADISSON BARRA-2,41****84,pendente
RADISSON BARRA-3,41****19,pendente
RADISSON BARRA-4,42****13,pendente
RADISSON BARRA-5,42****45,pendente
RADISSON BARRA-6,42****70,pendente
RADISSON BARRA-7,42****17,pendente
HOSP CRIANÇA-0,41****45,pendente
HOSP CRIANÇA-1,41****33,pendente
HOSP CRIANÇA-2,41****84,pendente
HOSP CRIANÇA-3,41****19,pendente
HOSP CRIANÇA-4,42****13,pendente
HOSP CRIANÇA-5,42****45,pendente
HOSP CRIANÇA-6,42****70,pendente
HOSP CRIANÇA-7,42****17,pendente
GLÓRIA DOR-0,41****45,pendente
GLÓRIA DOR-1,41****33,pendente
GLÓRIA DOR-2,41****84,pendente
GLÓRIA DOR-3,41****19,pendente
GLÓRIA DOR-4,42****13,pendente
GLÓRIA DOR-5,42****45,pendente
GLÓRIA DOR-6,42****70,pendente
GLÓRIA DOR-7,42****17,pendente
B&B UBERLÂNDIA -0,42****13,pendente
B&B UBERLÂNDIA -1,42****45,pendente
B&B UBERLÂNDIA -2,42****70,pendente
B&B UBERLÂNDIA -3,42****17,pendente
B&B UBERLÂNDIA -5,42****60,pendente
B&B UBERLÂNDIA -7,42****09,pendente
B&B UBERLÂNDIA -9,42****14,pendente
B&B UBERLÂNDIA -10,42****38,pendente
HOUSI SP-0,41****87,pendente
HOUSI SP-1,41****96,pendente
HOUSI SP-2,41****09,pendente
HOUSI SP-3,41****43,pendente
HOUSI SP-4,42****25,pendente
HOUSI SP-5,42****28,pendente
HOUSI SP-6,42****31,pendente
HOUSI SP-7,42****35,pendente
JFL SP-0,42****34,pendente
JFL SP-1,42****44,pendente
JFL SP-2,42****49,pendente
JFL SP-3,42****81,pendente
JFL SP-4,42****08,pendente
JFL SP-5,42****76,pendente
JFL SP-6,42****17,pendente
JFL SP-7,42****59,pendente
RIO VERMELHO GO-0,41****97,pendente
RIO VERMELHO GO-1,41****99,pendente
RIO VERMELHO GO-2,23*****048,pendente
RIO VERMELHO GO-3,41****55,pendente
RIO VERMELHO GO-4,41****70,pendente
RIO VERMELHO GO-5,41****01,pendente
RIO VERMELHO GO-6,42****09,pendente
RIO VERMELHO GO-7,41****12,pendente
RIO VERMELHO GO-8,42****49,pendente
MAIONE GO-0,42****17,pendente
MAIONE GO-1,42****20,pendente
MAIONE GO-2,42****21,pendente
MAIONE GO-3,42****15,pendente
MAIONE GO-4,41****10,pendente
MAIONE GO-5,41****82,pendente
MAIONE GO-6,41****54,pendente
MAIONE GO-7,41****99,pendente
CONFORT UBER-0,41****59,pendente
CONFORT UBER-1,41****61,pendente
CONFORT UBER-2,41****69,pendente
CONFORT UBER-3,41****16,pendente
BEB SP-0,41****59,pendente
BEB SP-1,41****61,pendente
BEB SP-2,41****69,pendente
BEB SP-3,41****16,pendente
EXECUTIVE IN UBER-0,41****91,pendente
EXECUTIVE IN UBER-1,41****07,pendente
EXECUTIVE IN UBER-2,41****41,pendente
EXECUTIVE IN UBER-3,41****03,pendente
GRAND EXECUTIVE-0,41****39,pendente
GRAND EXECUTIVE-1,41****89,pendente
GRAND EXECUTIVE-2,41****30,pendente
GRAND EXECUTIVE-3,41****83,pendente
DOM SOLLIEVO PR-0,41****37,pendente
DOM SOLLIEVO PR-1,41****32,pendente
DOM SOLLIEVO PR-2,41****84,pendente
DOM SOLLIEVO PR-3,41****71,pendente
BARRA DOR-0,41****37,pendente
BARRA DOR-1,41****32,pendente
BARRA DOR-2,41****84,pendente
BARRA DOR-3,41****71,pendente
MIRASSOL-0,41****01,pendente
MIRASSOL-1,42****09,pendente
MIRASSOL-2,41****12,pendente
MIRASSOL-3,42****49,pendente
MIRASSOL-4,41****39,pendente
MIRASSOL-5,41****13,pendente
MIRASSOL-6,41****50,pendente
MIRASSOL-7,41****60,pendente
CRYSTAL GO-0,41****48,pendente
CRYSTAL GO-1,41****05,pendente
CRYSTAL GO-2,10*****321,pendente
CRYSTAL GO-3,41****68,pendente
CRYSTAL GO-4,41****36,pendente
CRYSTAL GO-5,41****10,pendente
CRYSTAL GO-6,41****82,pendente
CRYSTAL GO-7,41****54,pendente
CRYSTAL GO-8,41****99,pendente
LE JARDIM CALDAS-0,41****10,pendente
LE JARDIM CALDAS-1,41****82,pendente
LE JARDIM CALDAS-2,41****54,pendente
LE JARDIM CALDAS-3,41****99,pendente
HILTON GO-0,41****10,pendente
HILTON GO-1,41****82,pendente
HILTON GO-2,41****54,pendente
HILTON GO-3,41****99,pendente
ELEGANCE-1,41****13,pendente
ELEGANCE-2,41****78,pendente
ELEGANCE-3,41****02,pendente
FLUMINENSE-1,42****62,pendente
FLUMINENSE-3,050********9403,pendente
FLUMINENSE-5,41****33,pendente
FLUMINENSE-6,41****86,pendente
FLUMINENSE-8,41****28,pendente
FLUMINENSE-9,41****10,pendente
FLUMINENSE-10,41****82,pendente
FLUMINENSE-11,41****54,pendente
FLUMINENSE-12,41****99,pendente
MIRADOR-1,42****62,pendente
MIRADOR-3,050********9403,pendente
MIRADOR-5,41****33,pendente
MIRADOR-6,41****86,pendente
MIRADOR-8,41****28,pendente
MIRADOR-9,41****10,pendente
MIRADOR-10,41****82,pendente
MIRADOR-11,41****54,pendente
MIRADOR-12,41****99,pendente
COMFORT GO-0,41****68,pendente
COMFORT GO-2,41****60,pendente
COMFORT GO-3,41****01,pendente
COMFORT GO-4,41****32,pendente
COMFORT GO-5,41****10,pendente
COMFORT GO-6,41****82,pendente
COMFORT GO-7,41****54,pendente
COMFORT GO-8,41****99,pendente
MERCURE E IBIS PEPE-0,41****10,pendente
MERCURE E IBIS PEPE-1,41****82,pendente
MERCURE E IBIS PEPE-2,41****54,pendente
MERCURE E IBIS PEPE-3,41****99,pendente
MERCURE E IBIS PEPE-4,40****12,pendente
MERCURE E IBIS PEPE-5,061********0003,pendente
MERCURE E IBIS PEPE-6,40****29,pendente
MERCURE E IBIS PEPE-7,061********0105,pendente
MERCURE E IBIS PEPE-8,40****58,pendente
RITZ COPACABANA-0,41****92,pendente
RITZ COPACABANA-1,42****55,pendente
RITZ COPACABANA-2,41****86,pendente
HOTEL GLÓRIA MG-0,42****59,pendente
HOTEL GLÓRIA MG-1,42****63,pendente
HOTEL GLÓRIA MG-2,20*****826,pendente
HOTEL GLÓRIA MG-3,42****20,pendente
HOTEL GLÓRIA MG-4,42****30,pendente
HOTEL GLÓRIA MG-5,42****25,pendente
HOTEL GLÓRIA MG-6,42****83,pendente
HOTEL GLÓRIA MG-7,42****02,pendente
HOTEL GLÓRIA MG-8,41****10,pendente
HOTEL GLÓRIA MG-9,41****82,pendente
HOTEL GLÓRIA MG-10,41****54,pendente
HOTEL GLÓRIA MG-11,41****99,pendente
ORLA COPACABANA-0,41****10,pendente
ORLA COPACABANA-1,41****82,pendente
ORLA COPACABANA-2,41****54,pendente
ORLA COPACABANA-3,41****99,pendente
ORLA COPACABANA-4,40****12,pendente
ORLA COPACABANA-5,061********0003,pendente
ORLA COPACABANA-6,40****29,pendente
ORLA COPACABANA-7,061********0105,pendente
ORLA COPACABANA-8,40****58,pendente
RITZ LEBLON-0,42****56,pendente
RITZ LEBLON-1,41****36,pendente
RITZ LEBLON-2,42****64,pendente
RITZ LEBLON-5,42****53,pendente
RONDÔNIA-0,41****81,pendente
RONDÔNIA-1,41****32,pendente
RONDÔNIA-2,41****94,pendente
RONDÔNIA-3,41****22,pendente
RONDÔNIA-4,20*****285,pendente
PAMPULHA - MG-0,41****91,pendente
PAMPULHA - MG-1,41****02,pendente
PAMPULHA - MG-2,41****05,pendente
PAMPULHA - MG-3,41****41,pendente
HOTEL ICARAÍ-0,41****31,pendente
HOTEL ICARAÍ-1,080********1403,pendente
HOTEL ICARAÍ-2,41****47,pendente
HOTEL ICARAÍ-3,41****80,pendente
HOTEL ICARAÍ-4,41****73,pendente
HOTEL ICARAÍ-5,080********2305,pendente
HOTEL ICARAÍ-6,080********4202,pendente
HOTEL ICARAÍ-7,41****53,pendente
HOTEL ICARAÍ-8,41****61,pendente
HOTEL ICARAÍ-9,41****00,pendente
HOTEL ICARAÍ-10,41****28,pendente
HOTEL ICARAÍ-11,41****41,pendente
HOTEL ICARAÍ-12,41****64,pendente
HOTEL ICARAÍ-13,42****25,pendente
HOTEL ICARAÍ-14,42****40,pendente
HOTEL ICARAÍ-15,42****56,pendente
HOTEL ICARAÍ-16,41****36,pendente
HOTEL ICARAÍ-17,42****64,pendente
HOTEL ICARAÍ-20,42****53,pendente
CHA PRIME - PR-0,41****39,pendente
CHA PRIME - PR-1,41****13,pendente
CHA PRIME - PR-2,41****50,pendente
CHA PRIME - PR-3,41****60,pendente
CHA PRIME - PR-4,41****91,pendente
CHA PRIME - PR-5,41****02,pendente
CHA PRIME - PR-6,41****05,pendente
CHA PRIME - PR-7,41****41,pendente
CHA PRIME - PR-8,41****64,pendente
CHA PRIME - PR-9,42****25,pendente
CHA PRIME - PR-10,42****40,pendente
ATLÂNTICO SUL-0,41****39,pendente
ATLÂNTICO SUL-1,41****13,pendente
ATLÂNTICO SUL-2,41****50,pendente
ATLÂNTICO SUL-3,41****60,pendente
ATLÂNTICO SUL-4,41****91,pendente
ATLÂNTICO SUL-5,41****02,pendente
ATLÂNTICO SUL-6,41****05,pendente
ATLÂNTICO SUL-7,41****41,pendente
ATLÂNTICO SUL-8,41****64,pendente
ATLÂNTICO SUL-9,42****25,pendente
ATLÂNTICO SUL-10,42****40,pendente
CLARION - GO-0,41****57,pendente
CLARION - GO-1,41****95,pendente
CLARION - GO-2,42****70,pendente
CLARION - GO-3,41****34,pendente
ALPHAPARK-0,41****58,pendente
ALPHAPARK-1,41****91,pendente
ALPHAPARK-2,41****92,pendente
ALPHAPARK-3,41****63,pendente
ALPHAPARK-4,41****39,pendente
ALPHAPARK-5,41****13,pendente
ALPHAPARK-6,41****50,pendente
ALPHAPARK-7,41****60,pendente
OLINDA-0,41****95,pendente
OLINDA-1,41****61,pendente
OLINDA-2,41****38,pendente
OLINDA-3,41****98,pendente
BRISTOL - GO-0,41****95,pendente
BRISTOL - GO-1,41****61,pendente
BRISTOL - GO-2,41****38,pendente
BRISTOL - GO-3,41****98,pendente
VIVENCE - TO-0,41****40,pendente
VIVENCE - TO-1,41****94,pendente
VIVENCE - TO-2,41****47,pendente
VIVENCE - TO-3,41****99,pendente
VIVENCE - TO-4,42****08,pendente
VIVENCE - TO-5,42****76,pendente
VIVENCE - TO-6,42****17,pendente
VIVENCE - TO-7,42****59,pendente
COMFORT - GO-0,41****21,pendente
COMFORT - GO-1,41****55,pendente
COMFORT - GO-2,41****96,pendente
COMFORT - GO-3,41****38,pendente
COMFORT - GO-4,42****08,pendente
COMFORT - GO-5,42****76,pendente
COMFORT - GO-6,42****17,pendente
COMFORT - GO-7,42****59,pendente
COMFORT - GO-9,42****62,pendente
COMFORT - GO-11,050********9403,pendente
COMFORT - GO-13,41****33,pendente
COMFORT - GO-14,41****86,pendente
COMFORT - GO-16,41****28,pendente
LOVE TIME-0,41****54,pendente
LOVE TIME-1,41****18,pendente
LOVE TIME-2,41****96,pendente
LOVE TIME-3,41****73,pendente
CLUBE 500-1,21****65,pendente
CLUBE 500-2,19****65,pendente
CLUBE 500-3,41****10,pendente
CLUBE 500-4,41****60,pendente
CLUBE 500-5,41****21,pendente
CLUBE 500-6,19****31,pendente
CLUBE 500-7,41****78,pendente
CLUBE 500-8,41****72,pendente
CLUBE 500-9,41****25,pendente
CLUBE 500-10,41****79,pendente
CLUBE 500-11,41****15,pendente
CLUBE 500-12,41****29,pendente
CLUBE 500-13,41****22,pendente
CLUBE 500-14,41****71,pendente
CLUBE 500-15,41****06,pendente
CLUBE 500-16,41****93,pendente
CLUBE 500-17,41****80,pendente
CLUBE 500-18,41****38,pendente
SAIONARA-0,41****53,pendente
SAIONARA-2,41****37,pendente
SAIONARA-3,41****80,pendente
SAIONARA-4,41****03,pendente
VIDA PLAZA - DF-0,41****51,pendente
VIDA PLAZA - DF-1,41****24,pendente
VIDA PLAZA - DF-2,41****19,pendente
VIDA PLAZA - DF-3,41****07,pendente
ALLEGRO - GO-0,41****31,pendente
ALLEGRO - GO-1,41****89,pendente
ALLEGRO - GO-2,41****74,pendente
ALICANTE-1,41****16,pendente
ALICANTE-2,41****78,pendente
ALICANTE-3,41****18,pendente
ALICANTE-4,41****57,pendente
ALICANTE-5,41****08,pendente
ALICANTE-6,41****09,pendente
INTERCITY - AN-0,41****31,pendente
INTERCITY - AN-1,41****36,pendente
INTERCITY - AN-2,41****98,pendente
INTERCITY - AN-3,41****88,pendente
INTERCITY - AN-4,41****89,pendente
INTERCITY - AN-5,41****74,pendente
INTERCITY - AN-6,41****59,pendente
INTERCITY - AN-7,41****61,pendente
INTERCITY - AN-8,41****69,pendente
INTERCITY - AN-9,41****16,pendente
INTERCITY - AN-10,42****08,pendente
INTERCITY - AN-11,42****76,pendente
INTERCITY - AN-12,42****17,pendente
INTERCITY - AN-13,42****59,pendente
QUALITY BARRA-0,41****99,pendente
QUALITY BARRA-1,41****08,pendente
QUALITY BARRA-2,41****69,pendente
QUALITY BARRA-5,41****53,pendente
QUALITY BARRA-6,41****09,pendente
LAGUNA - DF-0,41****33,pendente
LAGUNA - DF-1,41****73,pendente
LAGUNA - DF-2,41****13,pendente
LAGUNA - DF-3,41****54,pendente
LAGUNA - DF-4,41****08,pendente
LAGUNA - DF-5,41****09,pendente
LAGUNA - DF-6,41****41,pendente
LAGUNA - DF-7,41****64,pendente
LAGUNA - DF-8,42****25,pendente
LAGUNA - DF-9,42****40,pendente
SOFT BELÉM-0,41****65,pendente
SOFT BELÉM-1,41****13,pendente
SOFT BELÉM-2,41****52,pendente
SOFT BELÉM-3,41****96,pendente
SOFT BELÉM-4,41****55,pendente
SOFT BELÉM-5,41****16,pendente
SOFT BELÉM-6,41****92,pendente
SOFT BELÉM-7,41****24,pendente
SOFT BELÉM-8,41****08,pendente
SOFT BELÉM-9,41****09,pendente
LOCANDA-0,41****65,pendente
LOCANDA-1,41****13,pendente
LOCANDA-2,41****52,pendente
LOCANDA-3,41****96,pendente
LOCANDA-4,41****55,pendente
LOCANDA-5,41****16,pendente
LOCANDA-6,41****92,pendente
LOCANDA-7,41****24,pendente
LOCANDA-8,41****08,pendente
LOCANDA-9,41****09,pendente
RITZ PLAZA - JF-0,41****79,pendente
RITZ PLAZA - JF-1,41****48,pendente
RITZ PLAZA - JF-2,41****33,pendente
RITZ PLAZA - JF-3,41****85,pendente
MANAIRA - PB-0,41****41,pendente
MANAIRA - PB-1,41****08,pendente
MANAIRA - PB-2,41****98,pendente
MANAIRA - PB-3,41****20,pendente
MANAIRA - PB-4,41****00,pendente
MANAIRA - PB-5,41****46,pendente
MANAIRA - PB-6,41****55,pendente
MANAIRA - PB-7,41****93,pendente
RIOS DOR-0,41****00,pendente
RIOS DOR-1,41****46,pendente
RIOS DOR-2,41****55,pendente
RIOS DOR-3,41****93,pendente
BOURBOM-0,41****00,pendente
BOURBOM-1,41****46,pendente
BOURBOM-2,41****55,pendente
BOURBOM-3,41****93,pendente
BOURBOM-4,41****31,pendente
BOURBOM-5,40****33,pendente
BOURBOM-6,40****14,pendente
BOURBOM-7,40****47,pendente
GOLDEN TULIP - GO-0,41****31,pendente
GOLDEN TULIP - GO-1,40****33,pendente
GOLDEN TULIP - GO-2,40****14,pendente
GOLDEN TULIP - GO-3,40****47,pendente
GOLDEN TULIP - GO-5,41****18,pendente
GOLDEN TULIP - GO-6,41****74,pendente
GOLDEN TULIP - GO-7,41****17,pendente
GOLDEN TULIP - GO-8,41****26,pendente
REDE DOR SÃO LUIZ-0,41****18,pendente
REDE DOR SÃO LUIZ-1,41****74,pendente
REDE DOR SÃO LUIZ-2,41****17,pendente
REDE DOR SÃO LUIZ-3,41****26,pendente
REDE DOR SÃO LUIZ-4,41****82,pendente
REDE DOR SÃO LUIZ-5,41****44,pendente
REDE DOR SÃO LUIZ-6,41****98,pendente
REDE DOR SÃO LUIZ-7,41****12,pendente
OESTE D'OR-0,41****82,pendente
OESTE D'OR-1,41****44,pendente
OESTE D'OR-2,41****98,pendente
OESTE D'OR-3,41****12,pendente
CAXIAS D'OR-0,41****61,pendente
CAXIAS D'OR-1,41****02,pendente
CAXIAS D'OR-2,41****17,pendente
CAXIAS D'OR-3,41****46,pendente
CAXIAS D'OR-4,41****10,pendente
CAXIAS D'OR-5,41****82,pendente
CAXIAS D'OR-6,41****54,pendente
CAXIAS D'OR-7,41****99,pendente
ESUITES LAGO DOS INGLESES-0,41****61,pendente
ESUITES LAGO DOS INGLESES-1,41****02,pendente
ESUITES LAGO DOS INGLESES-2,41****17,pendente
ESUITES LAGO DOS INGLESES-3,41****46,pendente
ESUITES LAGO DOS INGLESES-4,41****10,pendente
ESUITES LAGO DOS INGLESES-5,41****82,pendente
ESUITES LAGO DOS INGLESES-6,41****54,pendente
ESUITES LAGO DOS INGLESES-7,41****99,pendente
VILLA PARK RN-0,41****37,pendente
VILLA PARK RN-1,41****73,pendente
VILLA PARK RN-2,41****13,pendente
NORTE D'OR-0,41****37,pendente
NORTE D'OR-1,41****73,pendente
NORTE D'OR-2,41****13,pendente
TRANSAMÉRICA -SINOP-0,41****74,pendente
TRANSAMÉRICA -SINOP-1,41****99,pendente
TRANSAMÉRICA - ROND-0,41****28,pendente
TRANSAMÉRICA - ROND-1,41****68,pendente
TRANSAMÉRICA - ROND-2,41****11,pendente
TRANSAMÉRICA - ROND-3,41****51,pendente
TRANSAMÉRICA - ROND-4,41****01,pendente
TRANSAMÉRICA - ROND-5,42****93,pendente
TRANSAMÉRICA - ROND-6,42****72,pendente
TRANSAMÉRICA - ROND-7,42****53,pendente
LE CANTON - FAZENDA - SKY-0,41****45,pendente
LE CANTON - FAZENDA - SKY-1,41****33,pendente
LE CANTON - FAZENDA - SKY-2,41****84,pendente
LE CANTON - FAZENDA - SKY-3,41****19,pendente
LE CANTON - MAGIQUE - SKY-0,41****45,pendente
LE CANTON - MAGIQUE - SKY-1,41****33,pendente
LE CANTON - MAGIQUE - SKY-2,41****84,pendente
LE CANTON - MAGIQUE - SKY-3,41****19,pendente
LE CANTON - MAGIQUE - SKY-4,41****74,pendente
LE CANTON - MAGIQUE - SKY-5,41****99,pendente
LE CANTON - MAGIQUE - SKY-6,41****08,pendente
LE CANTON - MAGIQUE - SKY-7,41****09,pendente
LE CANTON-0,41****45,pendente
LE CANTON-1,41****33,pendente
LE CANTON-2,41****84,pendente
LE CANTON-3,41****19,pendente
LE CANTON-4,41****74,pendente
LE CANTON-5,41****99,pendente
LE CANTON-6,41****08,pendente
LE CANTON-7,41****09,pendente
QUINTA DOR-0,41****17,pendente
QUINTA DOR-1,41****85,pendente
QUINTA DOR-2,41****16,pendente
QUINTA DOR-3,41****68,pendente
QUINTA DOR-4,42****93,pendente
QUINTA DOR-5,42****34,pendente
QUINTA DOR-6,42****72,pendente
QUINTA DOR-7,42****89,pendente
ANÁLIA REDE D'OR SP-0,42****93,pendente
ANÁLIA REDE D'OR SP-1,42****34,pendente
ANÁLIA REDE D'OR SP-2,42****72,pendente
ANÁLIA REDE D'OR SP-3,42****89,pendente
ANÁLIA REDE D'OR SP-4,41****82,pendente
ANÁLIA REDE D'OR SP-5,41****44,pendente
ANÁLIA REDE D'OR SP-6,41****98,pendente
ANÁLIA REDE D'OR SP-7,41****12,pendente
EVIAN - CALDAS-0,41****10,pendente
EVIAN - CALDAS-1,41****18,pendente
EVIAN - CALDAS-2,41****95,pendente
EVIAN SUL-0,41****39,pendente
EVIAN SUL-1,41****60,pendente
EVIAN SUL-2,41****47,pendente
EVIAN SUL-3,41****05,pendente
EVIAN SUL-4,41****36,pendente
HILTON BARRA-0,41****39,pendente
HILTON BARRA-1,41****60,pendente
HILTON BARRA-2,41****47,pendente
HILTON BARRA-3,41****05,pendente
HILTON BARRA-4,41****36,pendente
WINDSOR TOWER-0,41****60,pendente
WINDSOR TOWER-1,41****47,pendente
WINDSOR TOWER-2,41****05,pendente
WINDSOR TOWER-3,41****36,pendente
WINDSOR TOWER-4,41****15,pendente
WINDSOR TOWER-5,41****29,pendente
WINDSOR TOWER-6,41****22,pendente
WINDSOR TOWER-7,41****71,pendente
ITAPEMAR-0,41****15,pendente
ITAPEMAR-1,41****29,pendente
ITAPEMAR-2,41****22,pendente
ITAPEMAR-3,41****71,pendente
ITAPEMAR-4,41****18,pendente
ITAPEMAR-5,41****74,pendente
ITAPEMAR-6,41****17,pendente
ITAPEMAR-7,41****26,pendente
ATLANTICO - RS-0,41****18,pendente
ATLANTICO - RS-1,41****74,pendente
ATLANTICO - RS-2,41****17,pendente
ATLANTICO - RS-3,41****26,pendente
ATLANTICO - RS-4,41****08,pendente
ATLANTICO - RS-5,41****09,pendente
MELIA CONFORT-0,41****60,pendente
MELIA CONFORT-1,41****95,pendente
MELIA CONFORT-2,41****20,pendente
MELIA CONFORT-3,41****15,pendente
MELIA CONFORT-4,41****77,pendente
MELIA CONFORT-5,41****54,pendente
MELIA CONFORT-6,41****19,pendente
MELIA CONFORT-7,41****98,pendente
MELIA CONFORT-9,050********9202,pendente
MELIA CONFORT-10,39****13,pendente
MELIA CONFORT-11,41****92,pendente
MELIA CONFORT-12,39****04,pendente
MELIA CONFORT-13,39****60,pendente
MELIA CONFORT-14,41****18,pendente
MELIA CONFORT-15,41****74,pendente
MELIA CONFORT-16,41****17,pendente
MELIA CONFORT-17,41****26,pendente
HILTON COPA-0,41****60,pendente
HILTON COPA-1,41****95,pendente
HILTON COPA-2,41****20,pendente
HILTON COPA-3,41****15,pendente
HILTON COPA-4,41****77,pendente
HILTON COPA-5,41****54,pendente
HILTON COPA-6,41****19,pendente
HILTON COPA-7,41****98,pendente
HILTON COPA-9,050********9202,pendente
HILTON COPA-10,39****13,pendente
HILTON COPA-11,41****92,pendente
HILTON COPA-12,39****04,pendente
HILTON COPA-13,39****60,pendente
HILTON COPA-14,41****18,pendente
HILTON COPA-15,41****74,pendente
HILTON COPA-16,41****17,pendente
HILTON COPA-17,41****26,pendente
MIRAGE - BELÉM-0,20*****060,pendente
MIRAGE - BELÉM-1,20*****940,pendente
MIRAGE - BELÉM-2,42****87,pendente
MIRAGE - BELÉM-3,20*****209,pendente
IBIS PQ OLIMPICO-0,20*****060,pendente
IBIS PQ OLIMPICO-1,20*****940,pendente
IBIS PQ OLIMPICO-2,42****87,pendente
IBIS PQ OLIMPICO-3,20*****209,pendente
MAR PALACE-0,20*****060,pendente
MAR PALACE-1,20*****940,pendente
MAR PALACE-2,42****87,pendente
MAR PALACE-3,20*****209,pendente
B&B NS-0,41****39,pendente
B&B NS-1,41****13,pendente
B&B NS-2,41****50,pendente
B&B NS-3,41****60,pendente
PLAZZA INN GO-0,41****91,pendente
PLAZZA INN GO-1,41****02,pendente
PLAZZA INN GO-2,41****05,pendente
PLAZZA INN GO-3,41****41,pendente
PLAZZA INN GO-4,42****24,pendente
PLAZZA INN GO-5,42****68,pendente
PLAZZA INN GO-6,42****50,pendente
PLAZZA INN GO-7,42****76,pendente
HILTON BH-0,41****69,pendente
HILTON BH-1,41****21,pendente
HILTON BH-2,41****53,pendente
HILTON BH-3,41****41,pendente
HILTON BH-4,41****29,pendente
HILTON BH-5,41****76,pendente
HILTON BH-6,41****18,pendente
HILTON BH-7,41****74,pendente
HILTON BH-8,41****17,pendente
HILTON BH-9,41****26,pendente
ARENA COPA-0,41****18,pendente
ARENA COPA-1,41****74,pendente
ARENA COPA-2,41****17,pendente
ARENA COPA-3,41****26,pendente
ARENA COPA-4,41****11,pendente
ARENA COPA-5,41****22,pendente
ARENA COPA-6,41****35,pendente
ARENA COPA-7,42****00,pendente
RADISSON BH-0,41****41,pendente
RADISSON BH-1,41****72,pendente
RADISSON BH-2,41****81,pendente
RADISSON BH-3,41****88,pendente
RADISSON BH-4,41****28,pendente
RADISSON BH-5,41****68,pendente
RADISSON BH-6,41****11,pendente
RADISSON BH-7,41****51,pendente
RADISSON BH-8,42****24,pendente
RADISSON BH-9,42****68,pendente
RADISSON BH-10,42****50,pendente
RADISSON BH-11,42****76,pendente
ARENA IPANEMA-0,050********9101,pendente
ARENA IPANEMA-2,050********2101,pendente
ARENA IPANEMA-3,050********4301,pendente
ARENA IPANEMA-4,41****41,pendente
ARENA IPANEMA-5,41****78,pendente
ARENA IPANEMA-6,41****60,pendente
ARENA IPANEMA-7,41****40,pendente
H2 PLATINUM - BH-0,41****08,pendente
H2 PLATINUM - BH-1,41****44,pendente
H2 PLATINUM - BH-2,41****32,pendente
H2 PLATINUM - BH-3,41****85,pendente
H2 PLATINUM - BH-4,41****01,pendente
H2 PLATINUM - BH-5,42****93,pendente
H2 PLATINUM - BH-6,42****72,pendente
H2 PLATINUM - BH-7,42****53,pendente
H2 PLATINUM - BH-8,42****24,pendente
H2 PLATINUM - BH-9,42****68,pendente
H2 PLATINUM - BH-10,42****50,pendente
H2 PLATINUM - BH-11,42****76,pendente
ARENA LEME-0,42****24,pendente
ARENA LEME-1,42****68,pendente
ARENA LEME-2,42****50,pendente
ARENA LEME-3,42****76,pendente
ARENA LEME-4,41****11,pendente
ARENA LEME-5,41****22,pendente
ARENA LEME-6,41****35,pendente
ARENA LEME-7,42****00,pendente
HOUSI-SP-0,42****66,pendente
HOUSI-SP-1,42****46,pendente
HOUSI-SP-2,42****05,pendente
HOUSI-SP-3,41****01,pendente
HOUSI-SP-4,42****93,pendente
HOUSI-SP-5,42****72,pendente
HOUSI-SP-6,42****53,pendente
QUALITY - BH-0,42****82,pendente
QUALITY - BH-1,26*****580,pendente
QUALITY - BH-2,42****25,pendente
QUALITY - BH-3,42****56,pendente
QUALITY - BH-4,42****08,pendente
QUALITY - BH-5,41****11,pendente
QUALITY - BH-6,41****22,pendente
QUALITY - BH-7,41****35,pendente
QUALITY - BH-8,42****00,pendente
QUALITY - BH-9,41****01,pendente
QUALITY - BH-10,42****93,pendente
QUALITY - BH-11,42****72,pendente
QUALITY - BH-12,42****53,pendente
MERCURY COPA-0,41****01,pendente
MERCURY COPA-1,42****93,pendente
MERCURY COPA-2,42****72,pendente
MERCURY COPA-3,42****53,pendente
MERCURY COPA-4,41****92,pendente
MERCURY COPA-5,42****55,pendente
MERCURY COPA-6,41****86,pendente
PARK OESTE GO-0,42****43,pendente
PARK OESTE GO-1,42****87,pendente
PARK OESTE GO-2,42****21,pendente
FIT SORRISO MT-0,42****43,pendente
FIT SORRISO MT-1,42****87,pendente
FIT SORRISO MT-2,42****21,pendente
GETAN GO-0,42****50,pendente
GETAN GO-1,42****99,pendente
GETAN GO-2,60*****224,pendente
GETAN GO-4,42****91,pendente
GETAN GO-5,42****44,pendente
CONFORT MACAÉ-0,42****00,pendente
CONFORT MACAÉ-1,42****33,pendente
CONFORT MACAÉ-3,42****42,pendente
CONFORT MACAÉ-4,42****57,pendente
HOUSI 2 SP-0,42****43,pendente
HOUSI 2 SP-1,42****87,pendente
HOUSI 2 SP-2,42****21,pendente
HOUSI 2 SP-3,42****50,pendente
HOUSI 2 SP-4,42****99,pendente
HOUSI 2 SP-5,60*****224,pendente
HOUSI 2 SP-7,42****91,pendente
HOUSI 2 SP-8,42****44,pendente
TAUÁ - GO-0,42****10,pendente
TAUÁ - GO-1,42****46,pendente
TAUÁ - GO-2,42****79,pendente
TAUÁ - GO-3,42****87,pendente
TAUÁ - GO-4,41****92,pendente
TAUÁ - GO-5,42****55,pendente
TAUÁ - GO-6,41****86,pendente
INTERCITY PINDA SP-0,41****92,pendente
INTERCITY PINDA SP-1,42****55,pendente
INTERCITY PINDA SP-2,41****86,pendente
COLONIAL PINDA SP-0,42****25,pendente
COLONIAL PINDA SP-1,42****83,pendente
COLONIAL PINDA SP-2,42****02,pendente
OURO CERRADO - MG-0,42****89,pendente
OURO CERRADO - MG-2,42****47,pendente
OURO CERRADO - MG-4,42****10,pendente
OURO CERRADO - MG-6,42****62,pendente
OURO CERRADO - MG-8,050********9403,pendente
OURO CERRADO - MG-10,41****33,pendente
OURO CERRADO - MG-11,41****86,pendente
OURO CERRADO - MG-13,41****28,pendente
RAMADA - MG-0,42****48,pendente
RAMADA - MG-1,42****99,pendente
RAMADA - MG-2,20*****880,pendente
RAMADA - MG-3,42****30,pendente
RAMADA - MG-4,42****05,pendente
RAMADA - MG-5,42****10,pendente
RAMADA - MG-6,42****46,pendente
RAMADA - MG-7,42****79,pendente
RAMADA - MG-8,42****87,pendente
RAMADA - MG-9,41****01,pendente
RAMADA - MG-10,42****93,pendente
RAMADA - MG-11,42****72,pendente
RAMADA - MG-12,42****53,pendente
SOL IPANEMA-0,41****01,pendente
SOL IPANEMA-1,42****93,pendente
SOL IPANEMA-2,42****72,pendente
SOL IPANEMA-3,42****53,pendente
SOL IPANEMA-4,42****82,pendente
SOL IPANEMA-5,42****87,pendente
SOL IPANEMA-6,42****22,pendente
SOL IPANEMA-7,42****90,pendente
QUALITY - GO-0,42****64,pendente
QUALITY - GO-1,42****68,pendente
QUALITY - GO-2,42****96,pendente
QUALITY - GO-3,42****10,pendente
QUALITY - GO-4,41****01,pendente
QUALITY - GO-5,42****93,pendente
QUALITY - GO-6,42****72,pendente
QUALITY - GO-7,42****53,pendente
ROYALTI COPA 2-0,42****71,pendente
ROYALTI COPA 2-1,42****14,pendente
ROYALTI COPA 2-2,42****35,pendente
ROYALTI COPA 2-3,42****73,pendente
SOUTH COPA-0,42****71,pendente
SOUTH COPA-1,42****14,pendente
SOUTH COPA-2,42****35,pendente
SOUTH COPA-3,42****73,pendente
HILTON EMBU-0,42****93,pendente
HILTON EMBU-1,42****34,pendente
HILTON EMBU-2,42****72,pendente
HILTON EMBU-3,42****89,pendente
HILTON EMBU-4,42****90,pendente
HILTON EMBU-5,42****10,pendente
HILTON EMBU-6,42****47,pendente
HILTON EMBU-7,42****24,pendente
HILTON EMBU-8,42****68,pendente
HILTON EMBU-9,42****50,pendente
HILTON EMBU-10,42****76,pendente
HOSP CENTRAL DE GOIANASES-0,42****93,pendente
HOSP CENTRAL DE GOIANASES-1,42****34,pendente
HOSP CENTRAL DE GOIANASES-2,42****72,pendente
HOSP CENTRAL DE GOIANASES-3,42****89,pendente
GRANDE HOTEL ARAXÁ-0,20*****060,pendente
GRANDE HOTEL ARAXÁ-1,20*****940,pendente
GRANDE HOTEL ARAXÁ-2,42****87,pendente
GRANDE HOTEL ARAXÁ-3,20*****209,pendente
GRANDE HOTEL ARAXÁ-5,42****24,pendente
GRANDE HOTEL ARAXÁ-6,42****68,pendente
GRANDE HOTEL ARAXÁ-7,42****50,pendente
GRANDE HOTEL ARAXÁ-8,42****76,pendente
GRANDE HOTEL ARAXÁ-9,42****99,pendente
GRANDE HOTEL ARAXÁ-10,42****66,pendente
GRANDE HOTEL ARAXÁ-11,42****51,pendente
GRANDE HOTEL ARAXÁ-12,42****94,pendente
VILLA DO VALE - SC-0,42****64,pendente
VILLA DO VALE - SC-1,42****62,pendente
VILLA DO VALE - SC-2,42****63,pendente
VILLA DO VALE - SC-3,42****69,pendente
VILLA DO VALE - SC-4,42****34,pendente
VILLA DO VALE - SC-5,42****00,pendente
VILLA DO VALE - SC-6,42****65,pendente
VILLA DO VALE - SC-7,42****09,pendente
WINDSOR CALIFÓRNIA HD-0,42****34,pendente
WINDSOR CALIFÓRNIA HD-1,42****00,pendente
WINDSOR CALIFÓRNIA HD-2,42****65,pendente
WINDSOR CALIFÓRNIA HD-3,42****09,pendente
WINDSOR CALIFÓRNIA HD-4,42****42,pendente
WINDSOR CALIFÓRNIA HD-5,42****94,pendente
WINDSOR CALIFÓRNIA HD-6,42****69,pendente
WINDSOR CALIFÓRNIA HD-7,42****82,pendente
WINDSOR CALIFÓRNIA HD-8,42****87,pendente
WINDSOR CALIFÓRNIA HD-9,42****22,pendente
WINDSOR CALIFÓRNIA HD-10,42****90,pendente
JFL - SP-0,42****34,pendente
JFL - SP-1,42****00,pendente
JFL - SP-2,42****65,pendente
JFL - SP-3,42****09,pendente
PORTO CANAL-0,42****14,pendente
PORTO CANAL-1,42****22,pendente
PORTO CANAL-2,20*****267,pendente
PORTO CANAL-3,42****41,pendente
PORTO CANAL-4,42****19,pendente
PORTO CANAL-5,42****33,pendente
PORTO CANAL-6,42****76,pendente
PORTO CANAL-8,42****27,pendente
PORTO CANAL-10,42****88,pendente
NH CURITIBA-0,42****10,pendente
NH CURITIBA-1,42****74,pendente
NH CURITIBA-2,42****96,pendente
NH CURITIBA-3,42****90,pendente
NH CURITIBA-4,42****33,pendente
NH CURITIBA-5,42****76,pendente
NH CURITIBA-7,42****27,pendente
NH CURITIBA-9,42****88,pendente
NH CURITIBA-10,42****73,pendente
NH CURITIBA-11,42****77,pendente
NH CURITIBA-12,42****78,pendente
NH CURITIBA-13,42****82,pendente
NH CURITIBA-14,42****93,pendente
NH CURITIBA-15,42****34,pendente
NH CURITIBA-16,42****72,pendente
NH CURITIBA-17,42****89,pendente
NH CURITIBA-19,42****62,pendente
NH CURITIBA-21,050********9403,pendente
NH CURITIBA-23,41****33,pendente
NH CURITIBA-24,41****86,pendente
NH CURITIBA-26,41****28,pendente
GRAND MERCURE-1,42****62,pendente
GRAND MERCURE-3,050********9403,pendente
GRAND MERCURE-5,41****33,pendente
GRAND MERCURE-6,41****86,pendente
GRAND MERCURE-8,41****28,pendente
GRAND MERCURE-9,42****33,pendente
GRAND MERCURE-10,42****76,pendente
GRAND MERCURE-12,42****27,pendente
GRAND MERCURE-14,42****88,pendente
AUGUSTUS - GO-0,42****73,pendente
AUGUSTUS - GO-1,42****77,pendente
AUGUSTUS - GO-2,42****78,pendente
AUGUSTUS - GO-3,42****82,pendente
PIEMONTE - MG-1,42****11,pendente
PIEMONTE - MG-4,42****51,pendente
PIEMONTE - MG-5,42****64,pendente
PIEMONTE - MG-7,42****59,pendente
PRAIA EXPRESS - RN-0,42****68,pendente
PRAIA EXPRESS - RN-1,42****70,pendente
PRAIA EXPRESS - RN-2,42****13,pendente
PRAIA EXPRESS - RN-3,42****38,pendente
HOLIDAY INN - RN-0,42****68,pendente
HOLIDAY INN - RN-1,42****70,pendente
HOLIDAY INN - RN-2,42****13,pendente
HOLIDAY INN - RN-3,42****38,pendente
PRAIAMAR - RN-0,42****42,pendente
PRAIAMAR - RN-1,42****94,pendente
PRAIAMAR - RN-2,42****69,pendente
PRAIAMAR - RN-3,42****09,pendente
QUALITY VITÓRIA-0,42****62,pendente
QUALITY VITÓRIA-1,42****98,pendente
QUALITY VITÓRIA-2,42****41,pendente
QUALITY VITÓRIA-3,42****07,pendente
QUALITY VITÓRIA-4,42****93,pendente
QUALITY VITÓRIA-5,42****34,pendente
QUALITY VITÓRIA-6,42****72,pendente
QUALITY VITÓRIA-7,42****89,pendente
QUALITY VITÓRIA-8,41****41,pendente
QUALITY VITÓRIA-9,41****64,pendente
QUALITY VITÓRIA-10,42****25,pendente
QUALITY VITÓRIA-11,42****40,pendente
HOSPITAL IFOR SP-0,41****41,pendente
HOSPITAL IFOR SP-1,41****64,pendente
HOSPITAL IFOR SP-2,42****25,pendente
HOSPITAL IFOR SP-3,42****40,pendente
TOSCANINI - BH-0,42****26,pendente
TOSCANINI - BH-2,42****06,pendente
TOSCANINI - BH-4,42****86,pendente
TRANSAMERICA - MT-0,42****26,pendente
TRANSAMERICA - MT-2,42****06,pendente
TRANSAMERICA - MT-4,42****86,pendente
DALLAS - MG-0,42****19,pendente
VERA GRUZ - GO-0,42****42,pendente
MALAGA-1,42****63,pendente
MALAGA-2,42****13,pendente
MALAGA-3,42****51,pendente
INDEPENDENCE MASÕES - GO-0,42****48,pendente
GETAN GRID - GO-0,12*****257,pendente
GETAN GRID - GO-1,42****40,pendente
GETAN NOVO MUNDO - GO-0,42****90,pendente
GETAN NOVO MUNDO - GO-1,42****60,pendente
LAGUNA - PB-0,42****34,pendente
LAGUNA - PB-1,42****43,pendente
LAGUNA - PB-2,42****94,pendente
LAGUNA - PB-3,42****90,pendente
LAGUNA - PB-4,42****60,pendente
LSH-0,42****83,pendente
LSH-2,42****90,pendente
LSH-3,42****60,pendente
CASABLANCA-0,12*****257,pendente
CASABLANCA-1,42****40,pendente
CASABLANCA-2,42****90,pendente
CASABLANCA-3,42****60,pendente
SLEEP INN - ES-0,42****90,pendente
SLEEP INN - ES-1,42****60,pendente
SLEEP INN - ES-2,42****19,pendente
SLEEP INN - ES-3,41****57,pendente
SLEEP INN - ES-4,41****95,pendente
SLEEP INN - ES-5,42****70,pendente
SLEEP INN - ES-6,41****34,pendente
COMFORT - CAMPOS-0,41****57,pendente
COMFORT - CAMPOS-1,41****95,pendente
COMFORT - CAMPOS-2,42****70,pendente
COMFORT - CAMPOS-3,41****34,pendente
COMFORT - CAMPOS-4,42****48,pendente
JML 747 - SP-0,41****57,pendente
JML 747 - SP-1,41****95,pendente
JML 747 - SP-2,42****70,pendente
JML 747 - SP-3,41****34,pendente
JML 747 - SP-4,42****48,pendente
HOSP SÃO VICENTE-0,42****48,pendente
